ID,Sual,Mövzu,A,B,C,D,E,correct
1,1. Sinir əzələ aparatının əsas morfo-funksional elementi nədir?,Sinir-əzələ sistemi,əzələ,sinir,hərəki vahid,refleks,hormon,C
2,2. Əzələ lifləri hansı təqəllüs elementlərindən təşkil olunmuşdur?,Sinir-əzələ sistemi,proprioreseptorlar,miofibrillər,çöpcüklər və kolbacıqlar,vətər,bağlar,B
3,3. Hər əzələ lifində təxminən nə qədər miofibril olur?,Sinir-əzələ sistemi,500-ə qədər,50-ə qədər,100-ə qədər,1000 və daha çox,10-a qədər,D
4,4. Əzələ liflərinin təqəllüsü üçün əsas enerji mənbəyi hansıdır?,Sinir-əzələ sistemi,OMS,ÜVS,MMS,AHT,ATF,E
5,5. Sakitlik vaxtı hər 100qr skelet əzələsinə təxminən nə qədər qan axını düşür?,Sinir-əzələ sistemi,20-50 ml,2-5 ml,50-100 ml,100-500 ml,500-1000 ml,B
6,6. Əzələlərdə ATF-in resintezi hansı yollarla baş verir?,Sinir-əzələ sistemi,talamus və hipotalamus,anaerob və aerob,hipokinetik və hipodinamik,assimilyasiya və dissimilyasiya,monokulyar və binokulyar,B
7,7. Əzələlərə impuls göndərən neyronlar necə adlanır?,Sinir-əzələ sistemi,ara neyron,sekretor neyron,motoneyron,hissi neyron,sinaps,C
8,8. Ürək əzələsi hansı əzələ liflərindən təşkil olunmuşdur?,Sinir-əzələ sistemi,nəli əzələsi,saya əzələ,qarışıq əzələ,eninə zolaqlı əzələ,bud əzələsi,D
9,9. Eninə zolaqlı əzələlər əsasən harada yerləşir?,Sinir-əzələ sistemi,kapilyarda,damarlarda,skelet əzələlərində,daxili üzvlərdə,böyrəklərdə,C
10,10. Əzələnin təqəllüsünü qeyd etmək üçün hansı cihazdan istifadə edilir?,Sinir-əzələ sistemi,elektroensofaloqraf,"kimoqraf, mioqraf",fonendoskop,pulsotaxometr,elektrokardioqraf,B
11,11. Bədənin neçə faizini əzələ kütləsi təşkil edir?,Sinir-əzələ sistemi,5-10%,15-20%,25-30%,35-40%,60-70%,D
12,12. Sinir sisteminin əsas quruluş elementi nədir?,Mərkəzi sinir sistemi,hormon,neyron,ferment,vəzi,vətər,B
13,13. Aşağıdakılardan biri neyronların əsas funksiyalarına daxil deyil:,Mərkəzi sinir sistemi,reseptorlardan xarici qıcıaqların qəbulu,inteqrativ funksiya,hipertrofik funksiya,sinir təsirlərinin başqa neyronlara ötürülməsi,sinir impulslarının işçi üzvə ötürülməsi,C
14,14. Neyronlar neçə əsas tipə ayrılır?,Mərkəzi sinir sistemi,4,2,3,5,6,C
15,15. Aşağıdakılardan biri neyronların tipinə aid deyil:,Mərkəzi sinir sistemi,hissi,ara,efferent,qlobal,afferent,D
16,16. Neyronların bir-biri ilə və effektor üzvlərlə əlaqələnməsi hansı xüsusi törəmələrin köməyi ilə baş verir?,Mərkəzi sinir sistemi,akson,mitoxondri,lizosom,miofibril,sinaps,E
17,17. Mərkəzi sinir sisteminin fəaliyyətinin nizamlanması əsas hansı sinir proseslərinə əsaslanır?,Mərkəzi sinir sistemi,oyanma və təqəllüs,oyanma və ləngimə,qıcıqlanma və təqəllüs,qıcıqlanma və deformasiya,superkompensasiya və ləngimə,B
18,18. İrradiasiya hadisəsi nədir?,Mərkəzi sinir sistemi,hərəkət məhdudiyyəti,əzələnin en kəsiyinin böyüməsi,oyanma prosesinin başqa sinir mərkəzlərinə yayılması,sinir prosesinin həddən artıq güclü olması,tormozlayıcı sinir hüceyrələrinin fəallaşması,C
19,19. Tənəffüs mərkəzi beynin hansı şöbəsində yerləşir?,Mərkəzi sinir sistemi,orta beyin,onurğa beyni,beyincik,uzunsov beyin,ara beyin,D
20,20. Beyinciyin əsas vəzifələri hansıdır?,Mərkəzi sinir sistemi,analizatorların fəaliyyəti,qidalanma və həzm,tənəffüsün tənzimlənməsi,ürək fəaliyyətinin nizamlanması,hərəkət funksiyası və tonik reaksiyaların tənzimi,E
21,21. Beyin qabığında təxminən nə qədər sinir hüceyrəsi olur?,Mərkəzi sinir sistemi,300-400 min,10-20 min,14 mlrd,5 mln,100-ə qədər,C
22,22. Beyin qabığının funksional vəziyyətinin dəyişilməsinin elektrik fəallığının yazısı necə adlanır?,Mərkəzi sinir sistemi,kardioqramma,elektroensefaloqramma,mioqramma,tomqramma,spiroqramma,B
23,23. Vegetativ sinir sistemi hansı şöbələrdən ibarətdir?,Mərkəzi sinir sistemi,mərkəzi və ətraf,baş və onurğa beyni,adrenalin və noradrenalin,simpatik və parasimpatik,hipotalamus və talamus,D
24,24. Aşağıdakılardan biri simpatik sinir sisteminin iştirakı ilə baş verən refleksə aid deyil?,Mərkəzi sinir sistemi,Bronxların genişlənməsi,Ürək təqəllüsünün tezləşməsi,Qaraciyər və dalaqdan qanın qovulması,Qlikogenin qlükozaya qədər parçalanması,ürək vurğularının zəifləməsi,E
25,"25. Hansı sinirlərin təsiri altında ürək vurğuların sayı artır, damarlar daralır?",Mərkəzi sinir sistemi,baş beyin,simpatik,onurğa beyin,parasimpatik,vegetativ,B
26,26. Baş beyni hansı şöbələr təşkil edir?,Mərkəzi sinir sistemi,"onurğa beyin, ara beyin, böyük yarımkürələr, beyincik, orta beyin","böyük yarımkürələr, beyincik, retikulyar formasiya, orta beyin","böyük yarımkürələr, ara beyin, orta beyin, beyincik, uzunsov beyin","böyük yarımkürələr, ara beyin, orta beyin, beyincik, onurğa beyin","baş beyin qabığı, ara beyin, orta beyin, beyincik, uzunsov beyin",C
27,27. Hansı pozğunluqlar beyincik zədələnmələrin əlamətidir?,Mərkəzi sinir sistemi,"göz nistaqmi, asinergiya, astaziya, ataksiya","diastola, distoniya, ataksiya, göz nistaqmi","hemiplegiya, asinergiya, astaziya, sistola","ataksiya, asinergiya, astaziya, distoniya","anemiya, astiqmatizm, ataksiya, distoniya",D
28,28. Onurğa beynin şöbələri:,Mərkəzi sinir sistemi,"yuxarı, orta, aşağı","döş, qarın, bel, çanaq, büzdüm","boyun, döş, qarın, bel, çanaq","boyun, döş, qarın, büzdüm, oma","boyun, döş, bel, oma",E
29,29. Sinir mərkəzlərində ləngimə hadisəsi nə zaman və kim tərəfindən kəşf olunmuşdur?,Ali sinir fəaliyyəti və sensor sistem,1862-Seçenov,1789-Uxtomski,1899-Pavlov,1112-İbn Sina,1965-Mustafayev,A
30,30. Reflekslərin ilk təsnifatını kim vermişdir?,Ali sinir fəaliyyəti və sensor sistem,P.K.Anoxin,A.D.Slonim,İ.P.Pavlov,İ.M.Secenov,N.E.Vvedenskiy,C
31,31. Ac adam yeməyi düşünən zaman tüpürcək ifrazı hansı refleksdir?,Ali sinir fəaliyyəti və sensor sistem,süni,şərti,şərtsiz,II dərəcəli,III dərəcəli,B
32,32. İnsanın sözü qəbul edib və onu ifadə etməsini nə təmin edir?,Ali sinir fəaliyyəti və sensor sistem,I siqnal sistemi,eşitmə analizatoru,görmə analizatoru,instinkt,II siqnal sistemi,E
33,33. Bunlardan hansı yuxu növlərinə aid deyil?,Ali sinir fəaliyyəti və sensor sistem,patoloji yuxu,narkotik yuxu,hipotalamik yuxu,hipnotik yuxu,fəsil yuxusu,C
34,34. Şərtsiz refleksə aid deyil?,Ali sinir fəaliyyəti və sensor sistem,müdafiyə,vərdiş,cinsi,hərəki,qidalanma,B
35,35. İstilik enerjisini qəbul edən reseptorlar necə adlanır?,Ali sinir fəaliyyəti və sensor sistem,termoreseptorlar,fotoreseptorlar,xemoreseptorlar,mexanoreseptorlar,proprioreseptorlar,A
36,36. Görmə sensor sistemin xüsusi fotoreseptorları hansılardır?,Ali sinir fəaliyyəti və sensor sistem,məməciklər,kirpiklər,"çəkic, zindan, üzəngi",kolbacıqlar və çöpcüklər,otolitlər və reseptorlarin tükləri,D
37,37. Orta qulaqda hansı eşitmə sümükcükləri vardır?,Ali sinir fəaliyyəti və sensor sistem,otolitlər və reseptorların tükləri,"çəkic, zindan, üzəngi","kirpiklər, məməciklər, zindan",kolbacıqlar və çöpcüklər,çəkic və kirpiklər,B
38,"38. Dənizdə yaxud təyyarədə yırğalanmada baş verən ürək bulanma, qusma, baş gicəllənmə və s. bu kimi hallar əsasən nə ilə əlaqədardır?",Ali sinir fəaliyyəti və sensor sistem,akson və dendritlər,əzələ hipertrofiyası,hipokineziya,limbik sistem,vestibulyar davamiyyət,E
39,39. Oyanmanın sinir və əzələ toxumasında nəql olunmasının sürəti necə adlanır?,Ali sinir fəaliyyəti və sensor sistem,qıcıqlanma,labillik,reobaza,təqəllüs,xronaksiya,B
40,40. Toxuma hüceyrəsinin qıcığa qarşı oyanma ilə cavab vermə xassəsi necə adlanır?,Ali sinir fəaliyyəti və sensor sistem,labillik,qıcıqlanma,oyanıcıqlıq,hipertrofiya,hipoksiya,C
41,41. Refleks qövsü neçə hissədən ibarətdir?,Ali sinir fəaliyyəti və sensor sistem,4,2,3,5,1,D
42,42. Aşağıdakılardan hansı qıcığı qəbul edən aparatdır?,Ali sinir fəaliyyəti və sensor sistem,hipotermiya,reobaza,respirator,hipertrofiya,reseptor,E
43,43. Sinir prosessin hansı xüsusiyyəti sanqviniki fleqmatikdən fərqləndirir?,Ali sinir fəaliyyəti və sensor sistem,oyanma,qüvvə,ləngimə,mütəhərililik,müvazinət,D
44,44. Şərtsiz reflekslər MSS-in hansı şöbələri vasitəsilə icra olunur?,Ali sinir fəaliyyəti və sensor sistem,"qabıqaltı nüvələr, beyin sütunu və onurğa beynin",baş beyin yarımkürələrin,onurğa beynin,beyin sütunu və qabıqaltı nüvələrin,beyin sütunu və onurğa beynin,A
45,45. Aşağıdakılardan hansı şərti refleksin əmələ gəlmə mexanizminə aiddir?,Ali sinir fəaliyyəti və sensor sistem,MSS-də oyanmanın güclənməsi,MSS-də oyanma,şərti və şərtsiz reflekslərin birləşməsi,baş beyin qabığında iki mərkəz arasında müvəqqəti əlaqənin yaranması,şərtsiz qıcığın şərti qıcıq ilə əvəz olunması,D
46,46. Əzələ tonusunun artması ilə gedən patoloji yuxu necə adlanır?,Ali sinir fəaliyyəti və sensor sistem,anemiya,katalepsiya,atoniya,akromeqaliya,asteniya,B
47,47. Ləng yuxu fazasını hansı fizioloji xüsusiyyətlər xarakterizə edir?,Ali sinir fəaliyyəti və sensor sistem,ətrafların nizamsız hərəkəti,vegetativ funksiyalar güclənir,vegetativ funksiyalar zəifləyir,bədənin nizamsız hərəkəti,ətrafların və bədənin nizamsız hərəkəti,C
48,48. Aşağıdakı ifadələrin hansı neyronu təşkil edir?,Ali sinir fəaliyyəti və sensor sistem,"akson, dendrit, soma","soma, presinaptik uç, dendrit","soma, sinaps, dendrit","soma, dendrit, akson, retikulum","soma, akson, retikulum",A
49,49. Beynin hansı şöbəsi humoral tənzim ilə əlaqədardı?,Ali sinir fəaliyyəti və sensor sistem,ön beyin,uzunsov beyin,orta beyin,beyincik,ara beyin,E
50,50. Vegetativ sinir sistemin ali mərkəzləri yerləşir:,Ali sinir fəaliyyəti və sensor sistem,orta beyində,uzunsov beyində,hipotalamusda,onurğa beynin 1-ci döş və 5-ci bel seqmentlərin arasında,onurğa beynin 1-ci döş və 5-ci bel seqmentlərin arasında və uzunsov beyində,C
51,51. Onurğa beynin boz maddəsinin quruluşu hansı sırada düzgündür: 1) cüt ön; 2) cüt arxa; 3) cüt yan; a) hissi neyronlar; b) hərəki neyronlar; c) vegetativ neyronlar?,Mərkəzi sinir sistemi,2c; 1b; 2a,3a; 1c; 2b,1a; 2b; 3c,1b; 2a; 3c,3b; 1a; 2c,D
52,52. Onurga beynin ağ maddəsi hansı funksiyanı yerinə yetirir?,Mərkəzi sinir sistemi,humoral,hərəki,daxili üzvlətin fəaliyyətini tənzimləyir,nəqledici,tənəffüs,D
53,53. Hansı sinirlər baş əzələlərini sinirləyir?,Mərkəzi sinir sistemi,onurğa beyin,baş beyin,vegetativ,parasimpatik,simpatik,B
54,54. Sensor siqnallar talamusdan böyük yarımkürələrin qabığına hansı yollar ilə daşınır?,Mərkəzi sinir sistemi,piramid,ekstrapiramid,talamo-kortikal,spesifik,spino-talamik,C
55,55. Beyin sütununda hansı törəmə yerləşir?,Mərkəzi sinir sistemi,solğun kürəcik,türk yəhəri,baş beyin qabığı,qırmızı nüvə,zolaqlı cisim,D
56,56. Alveolyar havada azotun miqdarı nə qədərdir?,Tənəffüs,90%,56%,67%,89%,"78,9%",E
57,57. Tənəffüsün əsas vəzifəsi nədir?,Tənəffüs,yalnız carbonu qəbul etmək,qanı ürəyə nəql etmək,oksigeni xaric etmək,orqanizmlə xarici mühit arasında qazlar mübadiləsidir,yalnız oksigeni qəbul etmək,D
58,58. Orqanizmdə qazlar mübadiləsi necə baş verir?,Tənəffüs,böyrəklər vasitəsi ilə,oksigeni xaric etməklə,ehtiyat havanı xaric etməklə,qalıq havanı xaric etməklə,ritmik tənəffüs hərəkətlərinin hesabına,E
59,59. Nəfəs vermənin ehtiyat həcmi nədir?,Tənəffüs,tənəffüsün dəqiqəlik həcmi,"adi nəfəs verdikdən sonra, dərindən nəfəs verəndə xaric olunan hava",ağciyərlərin venteliyasiyası,simpato-adrenal sistemin fəaliyyətinin sürətlənməsi,ağciyərlərin həyat tutumu,B
60,60. Ağciyərlərin alveollarında yerləşən hava necə adlanır?,Tənəffüs,ağciyərlərin alveolyar havası,ağciyərlərin ümumi tutumu,tənəffüsün dəqiqəlik həcmi,ağciyərlərin ventilyasiyası,plevra havası,A
61,61. Karbon qazı qanda neçə vəziyyətdə olur?,Tənəffüs,6,4,2,5,1,C
62,62. Tənəffüs mərkəzi harada yerləşir?,Tənəffüs,türk yəhərində,simpato-adrenal sistemində,hipofizar sistemində,uzunsov beyində,tənəffüs mərkəzi yoxdur,D
63,63. Tənəffüs aparatın havaaparıcı yolları nə ilə tamamlanır?,Tənəffüs,simpatik sinir sistemi ilə,sağ və sol ağciyərlərin magistral bronxları ilə,parasimpatik sistem ilə,qaraciyər ilə,alveollar ilə,B
64,64. Nəfəs vermədən sonra ağciyərlərdə qalan havanın həcmi necə adlanır?,Tənəffüs,ehtiyat alma hava,tənəffüs hava,qalıq hava,ehtiyat nəfəs vermə hava,ağciyərlərin ümumi tutumu,C
65,65. Tənəffüs sistemində xemoreseptorların funksiyasi nədir?,Tənəffüs,orqanizmin fiziki müvazinətinə nəzarətdir,orqanizmin daxili mühitinin turşu qələvi balansına nəzarətdir,orqanizmin daxili mühitinin maye müvazinətinə nəzarətdir,orqanizmin sinir–sisteminin müvazinətinə nəzarətdir,ürək fəaliyyətinə nəzarətdir,B
66,66. Tənəffüs mərkəzi hansı funksiyanı yerinə yetirir?,Tənəffüs,trombositlrin sabitliyini qorumaq,limfositlərin sabitliyini qorumaq,limfanın qazlar tərkibinin sabitliyini qorumaq,venoz qanın qazlar tərkibinin sabitliyini qorumaq,arterial qanın qazlar tərkibinin sabitliyini qorumaq,E
67,67. Nəfəslə alınan havada oksigenin faiz miqdarı nə qədərdir?,Tənəffüs,40%,13%,7%,21%,55%,C
68,68. Taxipnoik tipli tənəffüs hansı tənəffüsə deyilir?,Tənəffüs,dəqiqədə 12-16 dəfə olan tənəffüs,zəif tənəffüs,dəqiqədə 8 dəfədən az tənəffüs,qeyri-ritmik tənəffüs,dəqiqədə 20 dəfədən çox olan tənəffüs,E
69,69. Bradipnoik tipli tənəffüs necə tənəffüsə deyilir?,Tənəffüs,səthi tənəffüs,dəqiqədə 8 dəfədən az olan tənəffüs,dəqiqədə 12-16 dəfə olan tənəffüs,dəqiqədə 20 dəfədən çox olan tənəffüs,sıx tənəffüs,B
70,70. Əsas inspirator (nəfəs alma) əzələlər hansılardır?,Tənəffüs,diafraqma və kürək əzələsi,döş və qoltuqaltı əzələlər,xarici qabırğaarası əzələlər və diafraqma,trapesvari və boyun əzələsi,qarın əzələsi və xarici qabırğaarası əzələlər,C
71,71. Əsas ekspirator (nəfəs vermə) əzələlər hansılardır?,Tənəffüs,trapesvari əzələlər,rombvari əzələlər,qarın əzələsi,daxili qabırğaarası əzələlər,xarici qabırğaarası əzələlər,E
72,72. Bunlardan hansı tənəffüs aparatına aid deyil?,Tənəffüs,bronxlar,qırtlaq,yuxarı nəfəs yoları,traxeya,dəhliz reseptorları,E
73,73. Bronxial ağac neçə şaxəyə ayrılır?,Tənəffüs,20,3,16,23,2,D
74,74. Ağciyər alveollarının təxmini sayı nə qədərdir?,Tənəffüs,300-700 milyon,250-300 min,6-8 min,14 milyard,40 milyard,A
75,75. Maksimal nəfəs alandan sonra dərindən nəfəsvermədə xaric olan havanın miqdarına nə deyilir?,Tənəffüs,oksigenin maksimal sərfiayyatı,ağciyərlərin həyat tutumu,qanın oksigen həcmi,tənəffüs həcmi,ağciyərlərin ümumi tutumu,B
76,76. Ağciyərlərin həyat tutumuna nə daxildir?,Tənəffüs,"nəfəsalmanın ehtiyat həcmi, tənəffüs həcmi, nəfəsvermənin ehtiyat həcmi",tənəffüs həcmi və ağciyərlərin ümumi tutumu,nəfəsalmanın və nəfəsvermənin ehtiyat həcmi,nəfəsalmanın ehtiyat həcmi və qalıq hava,"ağciyərlərin ümumi həcmi, nəfəsalma və nəfəsvermənin ehtiyat həcmi",A
77,77. Ağciyərlərin ümumi həcmini nə təşkil edir?,Tənəffüs,ağciyərlərin həyat tutumu və nəfəsvermənin ehtiyat həcmi,nəfəsalma və nəfəsvermənin ehtiyat həcmi,nəfəsalmanın həcmi və qalıq hava,ağciyərlərin həyat tutumu və qalıq hava,nəfəsalmanın ehtiyat həcmi və qalıq hava,D
78,78. Hər nəfəsalma zamanı ağciyərlərə daxil olan hava necə adlanır?,Tənəffüs,ağciyərlərin ümumi həcmi,ağciyərlərin həyat tutumu,nəfəsalmanın ehtiyat həcmi,qalıq hava,tənəffüs həcmi,E
79,79. Ağciyərlərin həcmləri və tutumları nədən asılı deyil?,Tənəffüs,bədən ölçülərindən,neyronların tiplərindən,cinsdən,məşq dərəcəsindən,yaşdan,B
80,80. Anatomik zərərli sahə nəyə deyilir?,Tənəffüs,əlavə dərindən nəfəsalma zamanı daxil olan hava,hər nəfəsalma zamanı ağciyərlərə daxil olan hava,"tənəffüs yollarına daxil olan, lakin qazlar mübadiləsində iştirak etməyən hava",dərindən nəfəs verəndə xaric olan hava,ağciyərlərdən xaric olan karbon qazı,C
81,81. Sakit vaxtı tənəffüsün dəqiqəlik sayı nə qədər olur?,Tənəffüs,10-Aug,16-Dec,8-May,25-30,36-40,B
82,"82. Tənəffüsün dəqiqəlik sıxlığı 12-16, tənəffüsün həcmi isə 0.5 litr olduğu halda, tənəffüsün dəqiqəlik həcmi nə qədər təşkil edəcək?",Tənəffüs,1-2 l,2-4 l,4-6 l,6-8 l,8-10 l,D
83,83. Atmosfer havasının tərkibi necədir?,Tənəffüs,"oksigen 78.9%, azot 20.9%, karbon qazı 0.03%, su buxarı 0.5%","azot 78.9%, oksigen 20.9%, karbon qazı 0.03%, su buxarı 0.5%","oksigen 78.9%, su buxarı 20.9%, karbon qazı 0.03%, azot 0.5%","su buxarı 78.9%, oksigen 20.9%, azot 0.03%, karbon 0.5%","oksigen 78.9%, karbon 20.9%, azot 0.03%, su buxarı 0.5%",B
84,84. 1 qr hemoqlobinin oksigen birləşdirici qabiliyyəti nə qədərdir?,Tənəffüs,11.5 ml,3.14 ml,5 ml,1.34 ml,100 ml,D
85,85. Tənəffüs sistemində hansı reseptorlar qəbuledici rolu daşıyır?,Tənəffüs,proprioreseptorlar,ekstroreseptorlar,mexanoreseptorlar,fotoreseptorlar,termoreseptorlar,C
86,86. Bir dəqiqə ərzində ağciyərlərdən keçən havanın miqdarına nə deyilir?,Tənəffüs,ağciyərlərin həyat tutumu,ağciyərlərin dəqiqəlik diffuziyası,qaraciyərin dəqiqəlik həcmi,belə bir fizioloji termin yoxdur,ağciyərlərin ventilyasiyası,E
87,87. Tənəffüs havasında vardır:,Tənəffüs,"oksigen, karbon qazı, dəmir","oksigen, karbon qazı, azot","oksigen, dəmir, azot","etil spirti, oksigen, azot","dəmir, etil spirti, oksigen",B
88,88. Diffuziyanın köməyi ilə oksigen qana keçdikdən sonra nə olur?,Tənəffüs,fosfor ilə birləşir,karbonla birləşir,hemoqlobinlə birləşir,heçnə ilə birləşmir,qanda azotla birləşir,C
89,89. 100 ml arterial qanda CO2 miqdarı nə qədərdir?,Qan,60-100 ml,10-12 ml,20-25 ml,47-48 ml,2-4 ml,D
90,90. Qanın ümumi həcminin neçə faizini formalı elementlər təşkil edir?,Qan,42-43%,42-45%,40-45%,41-46%,43-45%,B
91,91. Qanın ümumi həcminin neçə faizini plazma təşkil edir?,Qan,30–60 %,54-58%,25-57%,70-90%,56-80%,B
92,92. Kişilərdə hemotokrit neçə faizdir?,Qan,40%,43%,46%,48%,45%,C
93,93. Kişilərdə formalı elementlər və plazma neçə faizdir?,Qan,"51 %, plazma 49 %","52 %, plazma 48 %","53 %, plazma 47 %","46 %, plazma 54 %","50 %, plazma 50 %",D
94,94. Qadınlarda hemotokrit neçə faizdir?,Qan,31%,42%,53%,55%,30%,B
95,95. Qadınlarda formalı elementlər və plazma neçə faizdir?,Qan,"30 %, plazma 70 %","34 %, plazma 56 %","42 %, plazma 58 %","22 %, plazma 78 %","34%, plazma 66 %",D
96,96. Eritrositlərin çökmə sürəti (EÇS) normal şəraitdə kişilərdə saatda neçə mm-dir?,Qan,8-11 mm,6-12 mm,7-9 mm,4-8 mm,5-10 mm,D
97,97. Eritrositlərin çökmə sürəti (EÇS) normal şəraitdə qadınlarda saatda neçə mm-dir?,Qan,8-12 mm,8-10 mm,3-5 mm,16-20 mm,5-8 mm,E
98,98. Leykositlərin miqdarı 1 mm3 qanda sağlam insanda nə qədər olur?,Qan,7-10 min,6-8 min,8-10 min,6-11 min,9-10 min,B
99,99. İnsan qanın plazmasının tərkibində neçə faiz su var?,Qan,88-98%,80-90%,85-95%,90-92%,90-96%,D
100,100. Hemoqlabin (HB) eritrositlərin əsas komponenti olaraq quru maddəsinin neçə faizini təşkil edir?,Qan,99%,98%,96%,95%,100%,D
101,101. Bunlardan biri qanın tərkibinə daxil deyil?,Qan,trombositlər,plazma,eritrositlər,leykositlər,motoneyron,E
102,102. Yaşlı insanın bədənində təxminən nə qədər qan olur?,Qan,5-6 l,3-3.5 l,2-3 l,8-9 l,9-10 l,A
103,103. Formalı elementlərin 90%-ni hansı formalı elementlər təşkil edir?,Qan,trombositlər,leykositlər,eritrositlər,plazma,hormonlar,C
104,104. Hematokrit nədir?,Qan,qanın formalı elementlərinin ümumi həcmə faizlə nisbəti,əzələlərin sürətli inkişafı,hərəkət çatışmazlığı,vitamin çatışmazlığı,gözün uzaq yerləşən əşyaları aydın görmək üçün uyğunlaşma prosesi,A
105,105. Qan hüceyrələrinin dağılması əsasən harada baş verir?,Qan,əzələlərdə və dəridə,ağciyərlərdə və qaraciyərdə,ürəkdə və sümük iliyində,qaraciyərdə və dalaqda,beyin qabığında və dalaqda,D
106,106. Eritrositlər harada formalaşır?,Qan,qaraciyərdə,limfa düyünlərində,sümük iliyində,ağciyərlərdə,ürəkdə,C
107,107. Eritrositlərin əsas fizioloji funksiyası hansıdır?,Qan,bakteriyaların udulmasını həyata keçirmək,ağciyərlərdən oksigeni orqanizmin bütün üzv və toxumalarına daşımaq,zədələnmiş damarda trombun əmələ gəlməsini təmin etmək,immun sistemi formalaşdırmaq,orqanizmi toksinlərdən qorumaq,B
108,108. 1 mm3 qanda kişi və qadınlarda eritrositlərin normal miqdarı?,Qan,"kişilərdə 6-8 min, qadınlarda 4-6 min","kişilərdə 5.0 milyon, qadınlarda 4.5 milyon","kişilərdə 250-300 min, qadınlarda 200-250 min","kişilərdə 14 milyard, qadınlarda 12 milyard","kişilərdə 2 milyon, qadınlarda 1 milyon",B
109,109. Trombositlərin əsas funksiyası hansıdır?,Qan,çöküntü məhsullarını ifrazat üzvlərinə çatdırmaq,ağciyərlərdəki oksigeni orqanizmin bütün üzv və toxumalarına daşımaq,orqanizmi bakteriya və toksinlərdən müdafiə etmək,qanın laxtalanmasında iştirak etmək,immunitet proseslərini təmin etmək,D
110,110. Hansı qan qrupuna məxsus olan insanlar universal donor adlanır?,Qan,I və IV,II,III,IV,I,E
111,111. Eritrositlər neçə gün yaşayır?,Qan,3-5 gün,7-10 gün,60-90 gün,15-20 gün,50-55 gün,C
112,112. Leykositlər və trombositlər neçə gün yaşayır?,Qan,30-35 gün,20-22 gün,14-15 gün,60-90 gün,7-10 gün,E
113,113. Hemoqlobinin qanda ümumi miqdarı nə qədərdir?,Qan,500-1000 qr,700-750 qr,900-950 qr,600-900 qr,900-1200 qr,B
114,114. Sakit vaxtı ürək əzələsi daha çox nə qədər oksigen mənimsəyir?,Ürək-damar sistemi,8–10 ml/100 qram qanda dəqiqədə,6–7 ml/100 qram qanda dəqiqədə,8–12 ml/100 qram qanda dəqiqədə,7–15 ml/100 qram qanda dəqiqədə,9–19 ml/100 qram qanda dəqiqədə,A
115,115. Nəbz təzyiqi neçə mm civə sütununa bərabərdir?,Ürək-damar sistemi,20-45 mm c.s,20-30 mm c.s,35-55 mm c.s,20-40 mm c.s,25-50 mm c.s,C
116,116. Oksigenlə təchiz olunmuş arterial qan ürəyin sol mədəciyindən hansı damara vurulur?,Ürək-damar sistemi,arteriolaya,ağciyər arteriyasına,ağciyər venasına,aortaya,yuxarı boş venaya,D
117,117. Bədən səthində ürəyin elektrik cərəyanlarının qeydiyyatı necə adlanır?,Ürək-damar sistemi,pulsometriya,elektromioqrafiya,elektroensefaloqrafiya,ultrasəs müayinə,elektrokardioqrafiya,E
118,118. Sakit vaxtı sistola zamanı ürək aortaya nə qədər qan qovur (sistolik həcm)?,Ürək-damar sistemi,20 ml,70 ml,32 ml,150 ml,16 ml,B
119,119. Ürəyin əsas vəzifəsi nədir?,Ürək-damar sistemi,enerji mübadiləsini həyata keçirmək,qan yaradıcı funksiyanı yerinə yetirmək,maddələr mübadiləsini yerinə yetirmək,anadangəlmə və sonradan qazanılan immuniteti formalaşdırmaq,qanı damar sisteminə qovmaq,E
120,120. Sistolik və diastolik təzyiq arasındakı fərq nəyin göstəricisidir?,Ürək-damar sistemi,maksimal təzyiq,minimal təzyiq,nəbz təzyiqi,orta təzyiq,aorta təzyiqi,D
121,121. Sakitlik vaxtı qanın böyük və kiçik qan dövranlarından keçməsinin təxmini müddəti nə qədərdir?,Ürək-damar sistemi,45-50 san,12-16 san,8-10 san,20-23 san,1-2 dəq,D
122,122. Bədən toxumalarına qida və oksigen çatdırılması və maddələr mübadiləsi məhsulatının xaric edilməsi hansı damarlarda baş verir?,Ürək-damar sistemi,arteriol,kapilyar,venula,aorta,aşağı və yuxarı boş vena,B
123,123. Brodikardiya zamanı ürək vurğularının dəqiqəlik sayı nə qədər olur?,Ürək-damar sistemi,60 və aşağı,80,70,75,85,A
124,124. Həzmdə hansı kimyəvi fəal maddələr iştirak edir?,Həzm,mediatorlar,hormonlar,fermentlər,sulu maddələr,vitaminlər,C
125,125. Tüpürcəkdə hansı ferment mövcuddur?,Həzm,enterokinaza,lipaza,tripsin,amilaza,pepsin,D
126,126. On iki barmaq bağırsaqda hansı mühit var?,Həzm,turşu,qələvi,şirin,acı,duzlu,B
127,127. Hansı şöbədə həzm ödün iştirakı ilə həyata keçirilir?,Həzm,qaraciyərdə,mədədə,12 barmaq bağırsaqda,nazik bağırsaqda,yoğun bağırsaqda,C
128,128. Mədəaltı vəzinin hansı fermenti yağları parçalayır?,Həzm,laktaza,tripsin,amilaza,lipaza,nukleaza,D
129,129. İnsan orqanizmində sutka ərzində neçə ml öd əmələ gəlir?,Həzm,250-300 ml,100-200 ml,300-350 ml,50-100 ml,400-500 ml,E
130,130. Ödün tərkibində hansı piqment mövcuddur?,Həzm,insulin,bilrubin,serotonin,qlükaqon,enterokinin,B
131,131. Nazik bağırsağın hərəki funksiyasını hansı məddələr sürətləndirir?,Həzm,"amilaza, lipaza, protelaza","xolesterin, bilirubin","serotonin, xolin","fibrinogen, albumin","ptialin, maltaza",C
132,"132. Həzm prosesində qidanın kimyəvi dəyişikliyi dedikdə, nə başa düşülür?",Həzm,qana və limfaya sorulması,qarışdırılması,həzm aparatı boyunca hərəkəti,həzm fermentlərinin hidrolitik təsiri,qidanın xırdalanması,D
133,"133. Həzm prosesində qidanın fiziki dəyişikliyi dedikdə, nə başa düşülür?",Həzm,maddələr mübadiləsi qalıqlarının xaric olması,həzm fermentlərinin hidrolitik təsiri,qidanın qana sorulması,qidanın limfaya sorulması,qidanın xırdalanması və qarışdırılması,E
134,134. Qida ağız boşluğunda təxminən nə qədər saxlanılır?,Həzm,44-50 san,3-5 san,31-41 san,15-18 san,52-58 san,D
135,135. İlk həzm şirəsi hansıdır?,Həzm,öd,tüpürcək,lipaza,mədəaltı vəz şirəsi,bağırsaq şirəsi,B
136,136. Mədə şirəsinin əsas fermenti hansıdır?,Həzm,peptidaza və enterokinaza,aktin və miozin,amilaza və maltaza,nukleaza və tripsinogen,pepsin,E
137,137. Mədə şirəsinin tərkibinə daxil olan turşu hansıdır?,Həzm,nitrat turşusu,sulfat turşusu,ortofosfat turşusu,xlorid turşusu,süd turşusu,D
138,138. Mədədə qidanın həzmi adətən nə qədər davam edir?,Həzm,1-2 saat,3-4 saat,6-8 saat,12-15 saat,20-24 saat,C
139,139. Qaraciyər hansı əhəmiyyətli həzm şirəsini əmələ gətirir?,Həzm,emulsiya,amilaza,lipaza,nukleaza,öd,E
140,140. Yoğun bağırsağın mikroflorası aşağıdakı funksiyalardan hansını yerinə yetirmir?,Həzm,fermentlərin fəallığını azaldır,orqanizmi patogen mikroblardan müdafiə edir,bir sıra vitaminlərin sintezində iştirak edir,öd ifraz edir,sulu karbonları qıcqırdır və zülalları çürüdür,D
141,"141. Suyun intensiv sorulması, yəni qana və limfaya keçməsi əsasən harada baş verir?",Həzm,nazik bağırsaqlarda,yoğun bağırsaqlarda,qaraciyərdə,mədədə,qida borusunda,B
142,142. Həzm sistemindən müxtəlif maddələrin qana və limfaya keçməsinə nə deyilir?,Həzm,ləngimə prosesi,rearbsorbsiya prosesi,dissimil yasiya prosesi,sorulma prosesi,assimilyasiya prosesi,D
143,143. Mədədə hansı mühit mövcuddur?,Həzm,qələvi,turş,şirin,acı,duzlu,B
144,144. Mədə şirəsindəki hansı maddə bakteriosid xassəyə malikdir?,Həzm,pepsin,jelatinaza,xlorid turşusu,ximozin,lipaza,D
145,145. Zəhərli maddələr və yad zülallar hansı orqanda zərərsizləşdirilir?,Həzm,yoğun bağırsaqda,mədədə,12 barmaq bağırsaqda,qaraciyərdə,nazik bağırsaqda,D
146,146. Həzm sisteminin hansi şöbəsində nəcis əmələ gəlir?,Həzm,düz bağırsaqda,nazik bağırsaqda,12 barmaq bağırsaqda,yoğun bağırsaqda,mədədə,D
147,147. Aşağıdakılardan hansı assimilyasiya prosesinə aid deyil?,Maddələr mübadiləsi,mürəkkəb birləşmələrin sadələrə parçalanması,xarici mühitdən orqanizm üçün lazım olan maddələrin qəbulu,maddələrin orqanizm üçün yararlı olan birləşmələrə çevrilməsi,sadə birləşmələrdən mürəkkəblərin sintezi,ehtiyat toplanması,A
148,148. Aşağıdakılardan hansı dissimilyasiya prosesinə aid deyil?,Maddələr mübadiləsi,mürəkkəb birləşmələrin sadələrə parçalanması,enerji ilə zəngin birləşmələrin parçalanması,orqanizmdə söküntü məhsulların əmələ gəlməsi,canlı toxuma elementlərinin parçalanması,xarici mühitdən orqanizm üçün lazım olan maddələrin qəbulu,E
149,149. Maddələr mübadiləsi necə adlanır?,Maddələr mübadiləsi,diffuziya,ekspirasiya,metabolizm,inspirasiya,avtomatizm,C
150,150. Assimilyasiya və dissimilyasiya çox zaman hansı terminlə qeyd edilir?,Maddələr mübadiləsi,filtrasiya və rearbsorbsiya,anabolizm və katabolizm,adaptasiya və akkomodasiya,inspirasiya və ekspirasiya,sistola və diastola,B
151,151. Sulu karbonların əsas hissəsi əzələlərdə və qaraciyərdə nə şəklində toplanır?,Maddələr mübadiləsi,lipid,hormon,ferment,qlikogen,azot,D
152,152. Orqanizmdə sulu karbonların vacib deposu haradır?,Maddələr mübadiləsi,böyrəklər,dəri,ağciyərlər,ürək,qaraciyər,E
153,153. Hipoqlikemiya nədir?,Maddələr mübadiləsi,qanda qlükozanın miqdarının enməsi,oksigen çatışmazlığı,qida aclığı,ürək vurğularının sayının artması,əzələlərin böyüməsi,A
154,154. Bədənin ümumi kütləsinin hansı hissəsini su təşkil edir?,Maddələr mübadiləsi,5-May,3-Feb,40%,10%,90%,B
155,155. Orqanizmin enerji sərfi iki qrupa bölünür:,Maddələr mübadiləsi,sistola və diastola,assimilyasiya və dissimilyasiya,əsas mübadilə və əlavə enerji sərfi,inspirasiya və ekspirasiya,anabolizm və katabolizm,C
156,156. Dissimilyasiya nədir?,Maddələr mübadiləsi,qanın dövranı,tənəffüs,laxtalanma,"dağılma, parçalanma",ürəyin təqəllüsü,D
157,157. Zülallar həzm traktında hansı hissələrə parçalanır?,Maddələr mübadiləsi,fermentlərə,amin turşularına,yağlara,hormonlara,fruktozaya,B
158,158. Qida ilə daxil olan enerjinin orqanizmində sərf olunan enerjiyə nisbətinə:,Maddələr mübadiləsi,zülal mübadiləsi deyilir,həzm deyilir,tənəffüs deyilir,qidalanma deyilir,enerji balansı deyilir,E
159,159. Orqanizmin enerji sərfini hansı üsulla ölçmək olar?,Maddələr mübadiləsi,ÜVS ölçməsi,qan təzyiqini ölçmək,çəkiyi ölçmək,vasitəli və vasitəsiz kalorimetriya,elektrokardioqrafiya,B
160,160. 1 q zülal oksidləşdikdə neçə kilokalori enerji alınır?,Maddələr mübadiləsi,50 kkal,90 kkal,"4,1 kkal",20 kkal,100 kkal,C
161,161. 1 q yağ oksidləşdikdə neçə kilokalori enerji alınır?,Maddələr mübadiləsi,25 kkal,50 kkal,100 kkal,"9,3 kkal",2 kkal,D
162,162. 1 q karbohidrat oksidləşdikdə neçə kilokalori enerji alınır?,Maddələr mübadiləsi,"20,5 kkal","4,1 kkal",50 kkal,"10,5 kkal",100 kkal,B
163,163. Əzələ işi enerji sərfini:,Maddələr mübadiləsi,sabit saxlayır,azaldır,artırır,normadan aşağı salır,dayandırır,C
164,"164. Böyrəyin quruluşu, funksional vahidi necə adlanır?",İfrazat sistemi,akson,neyron,alveol,nefron,motoneyron,D
165,165. Aşağıdakılardan hansı ifrazat sisteminə aid deyil?,İfrazat sistemi,mədə-bağırsaq traktı,tər vəziləri,ağciyərlər,böyrəklər,qaraciyər,D
166,166. Nefron nədən ibarətdir?,İfrazat sistemi,aktin və miozindən,malpiki cisimciyindən və borucuqlardan,akson və dendritdən,motoneyronlardan və proprireseptorlardan,çöpcüklər və kolbacıqlardan,B
167,167. Birinci dərəcəli sidiyin geriyə süzülməsi necə adlanır?,İfrazat sistemi,degenerasiya,hipertrofiya,filtrasiya,rearbsorbsiya,akkomodasiya,B
168,168. Sutkada insanda təxminən nə qədər ikinci dərəcəli (son) sidik formalaşır?,İfrazat sistemi,5 l,"0,5 l",3 l,4 l,"1,5 l",E
169,169. Sidiyin əmələ gəlməsinin ali mərkəzi haradır?,İfrazat sistemi,uzunsov beyin,beyincik,hipotalamus,onurğa beyni,baş beyin yarımkürələr qabığı,C
170,170. Tərin neçə faizini su təşkil edir?,İfrazat sistemi,70-80%,98-99%,55-60%,45-50%,100%,B
171,171. Hansı orqanlar ifrazat sistemində mövcuddur?,İfrazat sistemi,"öd kisəsi, qaraciyər, dalaq","dalaq, qaraciyər, ürək","uzunsov beyin, onurğa beyin, baş beyin","epifiz, hipofiz","böyrəklər, tər vəziləri, ağciyərlər, mədə-bağırsaq traktı",D
172,172. Sutkada ilk sidiyin miqdarı?,İfrazat sistemi,4-5 l,50-10,100-200,150-180,1-2 l,D
173,173. Hansı hormonlar sidiyin əmələ gəlməsinin humoral tənzimində iştirak edirlər?,İfrazat sistemi,"somatotropin, oksitozin","tiroksin, timozin",parathormon,"insulin, qlükogon","aldosteron, vazopressin",E
174,174. Qlukokortikoidləri ifraz edən vəzin adı?,Daxili sekresiya vəziləri,epifiz,böyrəküstü vəzilər,cinsi vəzilər,tüpürcək vəziləri,öd xoraları,B
175,175. Noradrenalin və adrenalin hansı sistemi təşkil edir?,Daxili sekresiya vəziləri,parasimpatik sistem,vegetativ sistem,simpato-adrenal sistem,mərkəzi sinir sistemi,ali sinir fəaliyyəti,C
176,176. Böyrəküstü vəzinin qabıq maddəsinin hormonları neçə qrupa bölünür?,Daxili sekresiya vəziləri,3,5,1,2,4,A
177,177. Adaptiv hormonlar hansılardır?,Daxili sekresiya vəziləri,melatonin,mineralkortikoidlər,androgenlər,qlukokortikoidlər,"insulin, qlukokortikoidlər",E
178,178. Böyrəküstü vəzilər neçə hissədən ibarətdir?,Daxili sekresiya vəziləri,3,1,2,5,4,C
179,179. Qanda nəyin artması insulinin sekressiyasını çoxaldır?,Daxili sekresiya vəziləri,zülalların,şəkərin,yağların,hemoqlobinin,oksigenin,B
180,180. Qidanın tərkibində olan hansı element qalxanabənzər vəzinin funksiyasını təhciz edir?,Daxili sekresiya vəziləri,fosfor,şəkər,duzr,yod,su,D
181,181. Gənc orqanizmdə hansı hormonların çatışmamazlığı “kretinizm” xəstəliyinə gətirib çıxardır?,Daxili sekresiya vəziləri,melatonin,insulin,tiroksin,oksitosin,vazopressin,D
182,182. İmmunoloji reaksiyalarda iştirak edən çəngəlvari vəzin hormonu necə adlanır?,Daxili sekresiya vəziləri,asetilxolin,adrenalin,oksitolin,timozin,qlükoqon,D
183,183. Hipofiz neçə paydan ibarətdir?,Daxili sekresiya vəziləri,0,1,3,4,2,C
184,184. Dərinin rəngini hansı hormon dəyişdirir?,Daxili sekresiya vəziləri,insulin,noradrenalin,intermedin,somototropin,tiroksin,C
185,185. Hipofizin arxa payı nə qədər hormon ifraz edir?,Daxili sekresiya vəziləri,5,2,1,4,3,B
186,186. Orqanizmdə stress reaksiyası neçə mərhələdən ibarətdir?,Daxili sekresiya vəziləri,4,1,2,0,3,E
187,187. “Stress halı” orqanizmdə nə əmələ gətirir?,Daxili sekresiya vəziləri,ümumi uyğunlaşma reaksiyaya,oyanıcıqlığa,ləngiməyə,qıcıqlanmaya,labillikliyə,A
188,188. Hormonların əsas xüsusiyyəti nədədir?,Daxili sekresiya vəziləri,qidalandırıcı,spesifiklik,sürətləndirici,rəngverici,ləngidici,B
189,189. Şəkərli diabet xəstəliyi hansı üzvi maddələrin mübadiləsinin pozulması nəticəsində əmələ gəlir?,Daxili sekresiya vəziləri,nuklein turşuları,zülallar,yağlar,sulu karbonlar,vitaminlər,D
190,190. Daxili sekresiya vəzilərinin ifraz etdiyi bioloji fəal maddələr necə adlanır?,Daxili sekresiya vəziləri,fermentlər,katalizatorlar,hormonlar,zülallar,lipidlər,C
191,191. Bu hormonlardan hansına həyəcan hormonu da deyirlər?,Daxili sekresiya vəziləri,androgen,adrenalin,insulin,kortizol,tiroksin,B
192,192. Orqanizmdə insulin çatışmayan zaman hansı xəstəlik baş verə bilər?,Daxili sekresiya vəziləri,cırtdanboyluluq,hemofiliya,Bazedov,qiqantizm,şəkərli diabet,E
193,193. Mədəaltı vəzin hansı hormonları vardır?,Daxili sekresiya vəziləri,tiroksin və kalsitonin,adrenalin və noradrenalin,androgen və esterogen,insulin və qlükaqon,hamısı,D
194,194. Qalxanabənzər vəzin hormonları hansılardır?,Daxili sekresiya vəziləri,insulin və qlükaqon,adrenalin və noradrenalin,"tiroksin, triyodtironin, kalsitonin",androgen və esterogen,hamısı,C
195,195. Timus vəzi başqa cür necə adlanır?,Daxili sekresiya vəziləri,mədəaltı vəz,çəngəlvari vəz,böyrəküstü vəzilər,qalxanabənzər vəz,hipofiz,B
196,"196. Hansı vəz, bir növ orqanizmin “bioloji saatı” kimi təqdim edilir?",Daxili sekresiya vəziləri,qalxanabənzər vəz,böyrəküstü vəzilər,mədəaltı vəz,epifiz,timus,D
197,197. Hipofizin somototropin hormonu başqa cür necə adlanır?,Daxili sekresiya vəziləri,boy artma hormonu,arıqlama hormonu,həyəcan hormonu,ağıl hormonu,çəki artımı hormonu,A
198,198. Hansı vəzilər böyrəklərin üst qütbündə yerləşir?,Daxili sekresiya vəziləri,timus,hipofiz,mədəaltı,epifiz,böyrəküstü,E
199,"199. Həm həzm, həm də daxili sekresiya vəzi hansıdır?",Daxili sekresiya vəziləri,qara ciyər,mədəaltı vəz,öd kisəsi,qalxanabənzər vəz,çəngəlvari vəz,B
200,200. Qalxanabənzər vəz harada yerləşir?,Daxili sekresiya vəziləri,böyrəklərdə,beyində,mədədə,boyun nahiyəsində,ağciyərdə,D
201,201. İnsan fiziologiyası fənni nəyi öyrənir?,Ümumi fiziologiya,insanın toxumalarını,insanın orqanlarını,insanın hüceyrələrini,"insanın hüceyrələrinin, toxumalarının, orqan və orqanlar sisteminin funksiyasını",insanm quruluşu,D
202,202. Hüceyrənin əsas komponentləri hansılardır ?,Ümumi fiziologiya,"Membran, mitoxondri, lizosom","Sitoplazma, lizosom, nüvə","Plazmatik membran, nüvə, sitoplazma","Hüceyrə mərkəzi, orqonoidlər, lizosom","Nüvə,mitoxondri,orqanoidlər,membran",E
203,203. Hüceyrələrin əsas həyat xassələrini hansı proseslər müəyyən edir?,Ümumi fiziologiya,Biosintez  və oyanma,Biosintez və parçalanma,Oyanma və parçalanma,Yığılma və ötürmə,Ötürmə və oyanma,B
204,204. Sinir sisteminin əsas iş prinsipi hansıdır?,Sinir-əzələ sistemi,akson,sinaps,reflektor,dendrit,neyron,E
205,205. Neyronlarda gedən 2 mühüm proses necə adlanır?,Sinir-əzələ sistemi,oyanıcıqlıq və təqəllüs,refleks və reseptor,reflektor və refleks,qıcıqlanma və təqəllüs,oyanma və ləngimə,E
206,206. Damarların saya əzələsi neçə cür sinirlərlə təmin olunub?,Sinir-əzələ sistemi,4,2,3,5,6,B
207,207. Sadə refleks qövsünün əmələ gəlməsində neçə neyron iştirak edir?,Sinir-əzələ sistemi,3,1,2,5,4,C
208,208. Laboratoriya şəraitində insanda əzələ yorulmasını öyrənməkdən ötrü hansı cihazdan istifadə olunur?,Sinir-əzələ sistemi,mioqraf,kardioqraf,elektroensefaloqraf,erqoqraf,kinoqraf,D
209,209. Daxili üzvlərin divarını təşkil edən funksiyasına görə qeyri iradi əzələ necə adlanır?,Sinir-əzələ sistemi,bazu əzələləri,eninəzolaqlı əzələ,ürək əzələsi,said əzələləri,saya əzələ,E
210,210. Refleksin keçdiyi yol necə adlanır?,Sinir-əzələ sistemi,refleks,refleks qövsü,refleksogen,varol körpüsü,refikulyar formasiya,B
211,211. Mexano reseptorlar hansılardır?,Sinir-əzələ sistemi,səsi qəbul edən reseptorlar,işığı qəbul edən reseptorlar,istilik qəbul edən reseptorlar,mexaniki qıcıqları qəbul edən reseptorlar,kimyəvi maddələrin təsirindən oyanan reseptorlar,D
212,"212. Əzələlərdən, vətərlərdən, oynaqlardan məlumatı qəbul edən reseptorlar necə adlanır?",Sinir-əzələ sistemi,baro reseporlar,termo reseptorlar,feno reseptorlar,foto reseptorlar,proprio reseptorlar,E
213,213. Skelet əzələlərinin sakit vaxtda gərginliyinin saxlanılması necə adlanır?,Sinir-əzələ sistemi,metabalizm,katabalizm,tonus,moto neyronlar,dissimlassiya,C
214,214. Əzələlərin tipləri neçədir?,Sinir-əzələ sistemi,5,2,4,6,3,E
215,215. Hərəkət vahidi morfofunksional xüsusiyyətinə qörə neçə tipə bölünür?,Sinir-əzələ sistemi,2,3,1,5,7,B
216,216. Orqanizimdə əzələ kütləsi ümumi bədən kütləsinin neçə faizini təşkil edir?,Sinir-əzələ sistemi,40-50%,60-70 %,50-60%,30-40%,35-45%,D
217,217. Əzələ təgəllüsü üçün enerji mənbəyi?,Sinir-əzələ sistemi,mineral duzlar,sulu karbonlar,vitaminlər,yağlar,aminturşular,B
218,218. Əzələ qısalmasının dərəcəsinə görə neçə tip əzələ təqəllüsü olur?,Sinir-əzələ sistemi,2,4,3,5,1,A
219,"219. Hissi, hərəki və ara neyronlar bir-birindən nəyə görə fərqlənirlər?",Sinir-əzələ sistemi,Aid olduqları toxuma növünə görə,Xromosomların sayına görə,Funksiyalarına görə,Xromosomların forma və ölçülərinə görə,Nüvələrin sayına görə,C
220,220. Presinpatik ləngimənin struktur əsası ləngidici ara neyronların aksonların uclarından və ara neyronların aksonal uclarından törənən sinapslar necə adlanır?,Sinir-əzələ sistemi,Akso-muskular,Akso-somatik,Akso-dendrit,Akso-aksonal,Dendro-muskular,D
221,221. Fiziki və kimyəvi istilik tənzimi mərkəzi sinir sisteminin hansı hissəsinə tabedir?,Mərkəzi sinir sistemi,orta beyin,uzunsov beyin,onurğa beyin,ön beyin,hipotalamus,E
222,222. İnsanlarda likvorun (onurğa beyin mayesi) miqdarı necə ml-dir?,Mərkəzi sinir sistemi,40-60ml,80-100ml,120-150ml,160-180ml,180-200ml,C
223,223. Mərkəzi sinir sisteminə hansılar aiddir?,Mərkəzi sinir sistemi,ara beyin,baş beyin,uzunsov beyin,onurğa və baş beyin,onurğa beyin,D
224,224. Mərkəzi sinir sisteminin fəaliyyətinin nizamlanması hansı sinir proseslərinə əsaslanır?,Mərkəzi sinir sistemi,ləngimə,oyanıqcıqlıq,qıcıqlanma,refleks,oyanma və ləngimə,B
225,225. Onurğa beyni harada yerləşir?,Mərkəzi sinir sistemi,Baş beyində,Onurğa sütununda,Uzunsov beyində,Orta beyində,Beyincikdə,B
226,226. Varol körpüsü nədir?,Mərkəzi sinir sistemi,Orta beynin hissəsidir,Ara beynin hissəsidir,Beyin sütunun hissəsidir,Onurğa beynin hissəsidir,Beyinciyin hissəsidir,C
227,227. Simpatik sinir sisteminin vəzifəsinə nə aiddir?,Mərkəzi sinir sistemi,Beyin fəaliyyətinin passivləşməsi,Bəbəyin daralması,Ürək təqəllüsünün ləngiməsi,Tər vəzilərinin fəaliyyətinin azalması,Mator fəaliyyətin tezləşməsi,C
228,228. Ara beyinə neçə sahə daxildir?,Mərkəzi sinir sistemi,0,4,3,1,2,E
229,"229. Dörd təpəli cism, qara və qırmızı nüvələr hansı beyinin şöbəsinə daxildir?",Mərkəzi sinir sistemi,uzunsov beyin,orta beyin,ara beyin,böyük yarımkürələr,böyük beyin,B
230,230. Hansı hissi impulslar görmə qabarlarından keçmir?,Mərkəzi sinir sistemi,Qoxu,Görmə,Dadbilmə,Eşitmə,Dəri,C
231,231. Somatik sinir sistemi nəyi tənzim edir?,Mərkəzi sinir sistemi,Vəzilərin işini,Inkişaf proseslərini,Toxumaların trofik funksiyasını,Sklet əzələlərinin fəaliyyətini,Qan damarlarının fəaliyyətini,D
232,232. Yuxunun neçə fazası var?,Ali sinir fəaliyyəti və sensor sistem,1,2,3,5,4,B
233,233. Temperamentin neçə növü var?,Ali sinir fəaliyyəti və sensor sistem,2,5,3,6,4,E
234,234. Ali sinir fəaliyyətinin təlimini hansı alim yaradıb,Ali sinir fəaliyyəti və sensor sistem,N.Y.Vvedenski,İ.M.Seçenov,İ.P.Pavlov,A.F.Somoylov,A.A.Krestovnikov,C
235,235. Pavlovun insanları 4 temperament tiplərinə bölməsinin əsasını hansı sinir prosessləri təşkil edir?,Ali sinir fəaliyyəti və sensor sistem,Avtomatizm,Qıcıqlanma,Oyanma və ləngimə,Induksiya,"Irradiasiya,konsetrasiya",C
236,236. Hemoqlobinin dəm qazıyla birləşməsi necə adlanır?,Tənəffüs,methemoqlabin,hemoqlobin,qlobin,mioqlabin,karboksihemoqlobin,E
237,237. İnsan hüceyrələrinə oksigenin çatdırılması nəyin vasitəsi ilə baş verir?,Tənəffüs,Örtük toxumaları vasitəsi ilə,Sümüklər vasitəsi ilə,Sinirlər vasitəsi ilə,Qan vasitəsi ilə,əzələ vasitəsi ilə,D
238,238. Asqırma və öskürmə mərkəzləri harada yerləşir?,Tənəffüs,Beyincikdə,Uzunsov beyində,Orta beyində,Ara beyində,Baş beyin yarımkürələrində,B
239,239. Ağciyərlərin həyat tutumu nə ilə ölçülür?,Tənəffüs,tonometr,sfiqmomonometr,spirometr,dinamometr,veloqometr,C
240,240. Qansız üsulla qanın oksigenlə doyma səviyyəsinin ölçülməsi necə adlanır?,Tənəffüs,dinomometriya,spirometriya,sfıqmonometriya,oksihemometriya,veloqometriya,D
241,241. Orqanizmdə və toxumalarda oksigen azlığı necə adlanır?,Tənəffüs,hiperkopsiya,normokapiya,hipokapniya,hormooksiya,hipoksiya,E
242,242. CO2-in qanda azlığı necə adlanır?,Tənəffüs,hiperkopniya,hipokapniya,hipoksiya,hormokopsiya,hormolaksiya,B
243,243. İnsanlarda sakit vəziyyətdə O2-nin dəqiqəlik sərfiyyatı nəqədərdir?,Tənəffüs,250-300ml,100-150ml,350-400ml,200-250ml,150-200ml,A
244,244. Əzələ işi zamanı tənəffüsün sıxlığının və dərinliyinin artmasına nə deyilir?,Tənəffüs,hiperqlikemiya,hipertrofiya,hipertemiya,hiperventilyasiya,hipertoniya,D
245,245. Toxumalarda əmələ gələn karbon qazının az hissəsi hansı şəkildə daşınır?,Tənəffüs,Fibrinogenə birləşmiş şəkildə,Hemoqlobinlə birləşmiş şəkildə,Qaz qovucuqları şəkilində,Leykositlər tərəfindən udularaq,Qanda olan bəzi duzlarla birləşmiş şəkildə,E
246,246. Ağ ciyərlərin həyat tutumu neçə ml-rə bərabərdir?,Tənəffüs,5000,2000-3500,500,3500,3500-5000,E
247,247. Hansı üzvlər tənəffüs aparatına aid deyil?,Tənəffüs,Qırtlağ,Udlağ,Bronxlar,Nəfəs borusu,Ağız və burun boşluğu,C
248,248. Orta yaşlı insan neçə litr qan itirdikdə ölümlə nəticələnir?,Qan,"0,7-0,8","0,3 - 0,5","0,5-0,7","2-2,5","0,8 - 1",D
249,249. I qan qrupundan olan resipiyentə hansı qan qrupundan olan donorun qanı köçürülə bilər?,Qan,III qan qrupu,II qan qrupu,I qan qrupu,IV qan qrupu,II və III qan qrupları,C
250,250. II qan qrupundan olan donor hansı qan qrupuna mənsub olan resipiyentə qan köçürülə bilər?,Qan,III və IV,I və II,I və III,II və III,II və IV,E
251,251. III qan qrupundan olan resipiyentə hansı qan qrupundan olan donorun qanı köçürülə bilər?,Qan,I və II,I və III,II və III,III və IV,IV və II,B
252,252. IV qan qrupundan olan donor hansı qan qrupuna mənsub olan resipiyentə qan köçürülə bilər?,Qan,IV,III,I,II,I və II,B
253,253. Qanın turşulaşması necə adlanır?,Qan,adrenalin,asidoz,amilaza,ammonyak,alkoloz,B
254,254. Qanın qələviliyinin artması necə adlanır?,Qan,adrenalin,amilaza,asidoz,alkoloz,ammonyak,D
255,255. Qanda zülaların ümumi həcmi neçə faizdir?,Qan,20-25%,15-70%,7-8%,25-30%,35-40%,C
256,256. Qanın plazmasında albuminlər neçə faizdir?,Qan,"7,5%",5.50%,"6,5%","4,5%",8.50%,D
257,257. Qanın plazmasında qlobulinlər neçə faizdir?,Qan,11-12%,5-6%,7-8%,9-10%,2-3%,E
258,258. Qanın plazmasında fibrinogen neçə faizdir?,Qan,"0,2-0,4%","0,6-0.8%","0,8-1%",1-2%,2-3%,A
259,259. İdmançılarda hemoqlobinin miqdarı nə qədərdir?,Qan,800 qr,600 qr,700 qr,1000 qr,750 qr,D
260,260. Orqanizmdə limfanın miqdarı nə qədərdir?,Qan,"2-2,5 l",1-1.5 l,"2,5-3 l","3-3,5 l","3,5-4 l",B
261,261. Orqanizmin öz daxili mühitini saxlanılması necə adlanır?,Qan,hiperqlikemiye,hemopoyer,hemodinamika,homeostaz,hipoqlikemiya,D
262,262. Qanın osmotik təzyiqindən yüksək təyziqə malik olan məhlullar necə adlanır?,Qan,hiperklikemiya,hipoklikemiya,hipertonik,hemopoyer,homeostaz,C
263,263. Qanın osmotik təzyiqindən az təzyiqə malik olan məhlullar necə adlanır?,Qan,Hemositoz,hipokemiya,hıperklikemıy,homepoyer,hipotonik,E
264,264. Neçə faiz NaCI-un məhluluna fizioloji məhlul deyilir?,Qan,"0,2%","0,9%","0,4%","0,6%","0,3%",B
265,265. Ertositlərin sayının artması necə adlanır?,Qan,Eritropoyer,Eritropeniya,Eritirositos,Hemorir,Erıtrosit,C
266,266. Eritrositlərin əmələ gəlməsi necə adlanır?,Qan,Hemopoez,Eritirositos,Eritropeniya,Eritropoyez,Eritrosit,D
267,267. Eritrositlərin azalması necə adlanır?,Qan,Hemopoez,Erıtlrositos,Eritropoyer,Eritropeniya,Eritrosit,D
268,268. İnsanın sakit vəziyyətində qanın ümumi həcminin neçə %-i qan deposunda saxlanılır?,Qan,30-40%,20-30%,45-50%,10-20%,60-70%,D
269,269. Leykositlərin normal artmasına nə deyilir?,Qan,limfosit,leykopeniya,leykoz,leykositoz,leykotroz,D
270,270. Normal qanın kimyəvi reaksiyası?,Qan,zəif turş,turş,qələvi,neytral,zəif-qələvi,E
271,271. Neçə qan qrupu var?,Qan,4,3,5,2,6,A
272,272. Mıogen leykositoz nəyə deyilir?,Qan,Əzələ işi zamanı leykositlərin azalması,Əzələ işi zamanı eritrositlərin artması,Əzələ işi zamanı leykositlərin artması,Leykoz,Faqasitozun uzanması,C
273,273. Qanın plazmasında normada neçə mq % qlukoza olmalıdır?,Qan,70-80 mq%,80-100 mq%,60-70 mq%,100-140 mq%,140-160 mq%,B
274,274. Qanın plazmasının tərkibinin neçə faizi sudur?,Qan,82-90%,75-80%,90-92%,65-70%,50-75%,C
275,275. Plazmanın mütləq çəkisi nə qədərdir?,Qan,"1,21-1,24","1,05-1,06","1,15-1,25","1,02-1,03","1,01-1,08",D
276,276. Qanın mütləq çəkisi nə qədərdir?,Qan,"1,09-1,1","1,07-1,08","1,11-1,12","1,15-1,17","1,05-1,06",E
277,277. Qanın laxtalanması neçə mərhələdə baş verir?,Qan,2 mərhələ,3 mərhələ,5 mərhələ,4 mərhələ,6 mərhələ,B
278,278. Arterial qanda oksigenin doyma dərəcəsi?,Qan,87-96%,85-89%,96-97%,75-80%,70-75%,C
279,279. Qan plazmasında olan zülalları göstərin?,Qan,"Hemoqlobin, miozin, aktin","Albuminlər, qlobulinlər, fibrinogen","Mioqlabin, aktin, hemoqlobin","Albumin, aktin, miozin","Hemoqlobin, miozin, qlobulin",B
280,280. Limfositlər leykositlərin ümumi sayının neçə faizini təşkil edir?,Qan,"0,5-1%",57-73%,1-4%,25-30%,6-8%,D
281,281. Miogen leykositoz nə zaman baş verir?,Qan,Hiss-həyəcan keçirən zaman,İltihabi proses zamanı,Orta dağ şəraitində,Qida həzmi zamanı,Əzələ işi zamanı,E
282,282. Əzələ işi zamanı qanın laxtalanması necə dəyişilir?,Qan,Zəifləyir,Dəyişilmir,Artır,Laxtalanmır,qismən dəyişilir,C
283,283. Eritrositlərin azalması necə adlanır?,Qan,Erıtlrositos,Eritropeniya,Eritropoyz,Hemodinamika,Eritrosit,B
284,284. Leykositlərin (faqozitlərin) funksiyasını (faqotsitoz) ilk dəfə hansı alim demişdir?,Qan,Krestovnikov A.A.,Seçenov İ.M.,Pavlov İ.P.,Vredenski N.,Mernikov İ.N.,E
285,285. Hemofiliya zamanı qanın hansı funksiyası pozulur?,Qan,qida maddələrinin daşınması,oksigen daşınması,humoral tənzim,laxtalanma,faqositoz,D
286,286. Orqanizmin yolxucu xəstəliklərə tutulmamaq qabiliyyəti nə cür adlanır?,Qan,laxtalanma,immunitet,faqositoz,qanazlığı,hemofiliya,B
287,287. III qan qrupu olan insana hansı qan qruplarını köçürtmək olar?,Qan,"I,III","I,II","II,III","II,IV","III,IV",A
288,288. Hemoqlobinin zülaldan ibarət olan hissəsi necə adlanır?,Qan,Hem,Fibrogen,Fibrin,Qlobin,Insulin,D
289,289. Limfa düyünlərində nə əmələ gəlir?,Qan,Trombositlər,Eritrositlər,Leykositlər,Xəstəliktörədən mikroorqanizmlər,Hemoqlobin,C
290,290. Hemoqlobinin qana qırmızı rəng verən hissəsi nə cür adlanır?,Qan,Insulin,Fibrinogen,Fibrin,Qlobin,Hem,E
291,291. Uşaqlara valideynlərdən keçən immunitet nə cür adlanır?,Qan,Qeyri-irsi,Anadangəlmə,Faqositoz,Süni,Sonradan qazanılan,B
292,292. pH azalması (qanın turşulanması) necə adlanır?,Qan,Alkoloz,asidoz,Hiperqlikemiya,Hipoksiya,Oksidləşmə,B
293,293. pH artması necə adlanır?,Qan,Glikoliz,Asidoz,Hiperkapniya,Fosfogenoliz,Alkaloz,E
294,294. Müəyyən xəstəliklərə qarşı orqanizmin müqavimətin artmasına nə deyilir?,Qan,Leykositoz,Qanın PH reaksiyası,Qanın bufer sistemi,Immunitet,Hemopoez,D
295,295. Qanda aqlyütinin aqlutinoqenlə rastlaşarsa hansı reaksiya baş verir?,Qan,Laxtalanma,Aqqlütinasiya,CO2 çoxalması,Reaksiya baş vermir,N2-azotun çoxalması,B
296,296. CO2-in qanda azlığı necə adlanır?,Qan,hipoksiya,hiperkopniya,hipokapniya,hormokopsiya,hormolaksiya,C
297,297. Qanın osmotik təzyiqi neçəyə bərabərdir?,Qan,15-20,20-25,30-35,8-Jul,35-40,D
298,298. Skelet əzələlərində və miokardda olan əzələ hemoqlobini necə adlanır?,Qan,karbooksithemoqlobin,mioqlobin,qlobin,methemoqlobin,hemoqlobin,B
299,299. İlk dəfə qan dövranını hansı alim təsvir edib?,Ürək-damar sistemi,P.K.Anoxin,http://İ.İ.Meçnikov,Rene Dekart,Lui Paster,Harvey Vilyam,E
300,300. Arterial qan təzyiqi hansı aparat ilə ölçülür?,Ürək-damar sistemi,pulsotaxometr,tonometr,elektrokordioqraf,elektroensefaloqrof,spirometr,B
301,301. Ürəyin neçə kamerası var?,Ürək-damar sistemi,5,3,4,6,8,C
302,302. Ürəyin normal ritmi nə qədərdir?,Ürək-damar sistemi,40-45,70-75,50-55,85-90,90-95,B
303,303. Qanın plazmasında normada neçə mq % qlikoza vardır?,Ürək-damar sistemi,100-140 mq%,70-80 mq%,60-70 mq%,80-100 mq%,140-160 mq%,D
304,304. 1 saniyədə qanın damarlarda hərəkətinin surətinə nə deyilir?,Ürək-damar sistemi,nəbz təzyiqi,minimal təzyiq,maksimal təzyiq,qanın həcmi surəti,qanın xətti surəti,E
305,305. İnsan orqanizmində ən iri qan damarı hansıdır?,Ürək-damar sistemi,Vena,Aorta,Arteria,Qapı venası,Böyrək arteriyası,B
306,306. Damarlarda qanın hərəkətinə səbəb olan ürək tərəfindən yaradılan qüvvəyə nə deyilir?,Ürək-damar sistemi,sistola,nəbz,qan təzyiqi,qanın dəqiqəlik həcmi,qanın xətti sürəti,C
307,307. Taxikardiya zamanı ürək vurğularının dəqiqəlik sayı nə qədər olur?,Ürək-damar sistemi,60,180,74,90 və yuxarı,55,D
308,308. Böyük qan dövranı haradan başlanır?,Ürək-damar sistemi,Ağciyər arteriyasından,Sağ qulaqcığdan,Sağ mədəcikdən,Sol qulaqcığdan,Sol mədəcikdən,E
309,309. Ürəkdən başlayaraq qanı bədənin ayrı-ayrı hissələrinə daşıyan damarlar necə adlanır?,Ürək-damar sistemi,Limfa damarları,Venalar,Kapilyarlar,Arteriyalar,Limfa düyünləri,D
310,310. Divarları bir qat yastı epitel hüceyrələrindən əmələ gələn ən kiçik damarlar?,Ürək-damar sistemi,Arteriyalar adlanır,Kapilyar adlanır,Venalar adlanır,Limfa damarları adlanır,Limfa düyünləri,B
311,311. İnsanın hansı damarından axan qanda oksihemoqlobinin miqdarı daha çox olur?,Ürək-damar sistemi,Yuxarı boş venadan,Ağciyər venasından,Ağciyər arteriyasından,Aşağı boş venadan,Qapı venasından,B
312,312. Damarlarda qanın hərəkətinin əsas göstəriciləri?,Ürək-damar sistemi,CO2 daşınması,O2 daşınması,Həcmi və xətti sürət,Mikrosirkulyasiya,Damarların diametri,C
313,313. İnsan ürəyində neçə qulaqcıq var?,Ürək-damar sistemi,3,2,4,Ayrılmır,5,C
314,314. İdmançılarda məşqin təsiri ilə sakit vəziyyətdə ürək vurğularının sayı necə dəyişilir?,Ürək-damar sistemi,Gücləşir,Çoxalır,Azalır,Dəyişmir,Aritmikdir,C
315,315. Ürək fəaliyyətinə müvafiq arteriya damarlarının dalğalanmasına nə deyilir?,Ürək-damar sistemi,Sistolik təzyiq,anakrot,Katakrot,Diastolik təzyiq,Nəbz,E
316,316. Mədə şirəsi ifrazının tənzimi neçə fazadan ibarətdir?,Həzm sistemi,5,3,4,1,2,E
317,317. Ödün bağırsağa ifrazı neçə yolla tənzimlənir?,Həzm sistemi,4,3,2,5,6,C
318,"318. Qidanın iyi, görkəmi təsirindən mədə şirəsinin ifrazını İ.P.Pavlov necə adlandırmışdı?",Həzm sistemi,həzm,aclıq,susuzluq,iştaha,Qidalanma,D
319,319. İnsan orqanizmində mədəaltı vəzi 24 saat ərzində neçə litr şirə ifraz edir?,Həzm sistemi,"1,5-2 lt","1-1,5 lt","0,5-1 lt","2-2,5 lt","2,5-3 lt",A
320,320. İnsan orqanizmində qaraciyərdə sutka ərzində neçə ml öd yaranır?,Həzm sistemi,350-500,250-350,500-1000,200-250,1000-1500,C
321,321. Qidanın həzmi ilk dəfə hardan başlayır?,Həzm sistemi,nazik bağırsaqda,udlaqdan,12 barmaq bağırsaqda,mədədən,ağızda,E
322,322. Bədən hərarətinin artması necə adlanır?,Maddələr mübadiləsi,Hipokapniya,Hipertermiya,Hipotermiya,Hıpoqlikemiy,Hipoksiya,B
323,323. Bədən hərarətinin azalması necə adlanır?,Maddələr mübadiləsi,hipoksiya,hipertermiya,hipotermiya,Hipoqlikemıya,Hipokopniya,D
324,324. Həyat fəaliyyəti üçün hüceyrələri enerji ilə təmin edən mübadilə proseslərinə nə deyilir?,Maddələr mübadiləsi,enerjinin sərf olunması,enerjinin yaranması,enerjinin saxlanması,energetik proseslər,plastik proseslər,B
325,325. Tər vəzilərinin innervasiyası hansı sinir vasitəsi ilə yerinə yetirilir?,Maddələr mübadiləsi,parasimpatik,simpatik,oturaq sinir,onurğa beyin,baş beyin,B
326,326. Assimilyasiya nədir?,Maddələr mübadiləsi,laxtalanma,həzm,ifrazat,"əmələ gəlmə, yığılma",tənəffüz,D
327,327. Qanda şəkərin miqdarının artması necə adlanır?,Daxili sekresiya vəziləri,hormone,hipoqlikemiya,hemostaz,humoral,hiperqlikemiya,E
328,328. Qanda şəkərin miqdarının azalması necə adlanır?,Daxili sekresiya vəziləri,hemostaz,hiperqlikemiya,hipoqlikemiya,humoral,hormon,C
329,329. Ürək fəaliyyətini artıran hormona nə deyilir?,Daxili sekresiya vəziləri,somatatrop,adrenalin,troyodtronin,tiroksin,insulin,B
330,330. Hansı endokrin vəzisi kortikotrop hormonı ifraz edir?,Daxili sekresiya vəziləri,böyrəküstü,epifiz,mədəaltı,hipofiz,çəngəlvari,D
331,331. Uşaqlıq dövründə hansı hormonun artıq ifrazı “qiqantizmə” gətirib çıxardır?,Daxili sekresiya vəziləri,insulin,somatotropin,adrenalin,glükoqon,oksitosin,B
332,332. Endokrin vəzilərdən neçəsi qarışıq vəzilərdir?,Daxili sekresiya vəziləri,4,1,2,3,5,C
333,333. Hansı endokrin vəzi parathormon hormon ifraz edir?,Daxili sekresiya vəziləri,böyrəküstü,hipofiz,mədəaltı,paratiroid,cinsi,D
334,334. Böyrəküstü vəzinin beyin maddəsinin hormonları hansılardı?,Daxili sekresiya vəziləri,Tiroksin,Melatonin,"Adrenalin, noradrenalin","Insulin, glükoqon",Somatotropin,C
335,335. Hansı daxili sekresiya vəzisinin funksiyası qidada yodun miqdarının kifayət qədər olmasından asılıdır?,Daxili sekresiya vəziləri,Hipofiz,Qalxanabənzər,Mədəaltı,Epifiz,Cinsi,B
336,336. Aşağıdakı vəzilərdən hansının ifraz etdiyi bioloji fəal maddələr hormon adlanır?,Daxili sekresiya vəziləri,Tər,Ağız suyu,Böyrəküstü,Mədə,Qaraciyər,C
337,337. “Bioloji saatin” işi hansı hormonla bağlıdır?,Daxili sekresiya vəziləri,Proqesteron,Adrenalin,Melatonin,Insulin,Tiroksin,B
338,338. Melatonin hormon hansı endokrin vəzinin bioloji fəal amilidir?,Daxili sekresiya vəziləri,Mədəaltı,Hipofiz,Böyrəküstü,Epifiz,Cinsi,D
339,339. Daxili sekresiya vəzilərin hazırladığı bioloji aktiv maddələr necə adlanır?,Daxili sekresiya vəziləri,Şirələr,Fermentlər,Katexolominlər,Mediatorlar,Hormonlar,E
340,340. Qanda şəkərin miqdarının artması necə adlanır?,Daxili sekresiya vəziləri,hiperqlikemiya,hipoqlikemiya,hemostaz,humoral,hormone,A
341,341. Qanda şəkərin miqdarının azalması necə adlanır?,Daxili sekresiya vəziləri,hiperqlikemiya,hipoqlikemiya,hemostaz,humoral,hormone,B
342,342. Fermentlər neçə qrupa bölünür?,Həzm sistemi,2,4,3,5,6,C
343,343. Həzm olunan maddələr həzm aparatından hara sorulur?,Həzm sistemi,Mədəaltı vəzi,Qaraciyərə,Mədə və bağırsağa,Qan və limfaya,Ağız,D
344,344. Qidanın kimyəvi və fiziki dəyişilməsi prosesi nə adlanır?,Həzm sistemi,Parabioz,Tənəffüs,İfrazat,Maddələr mübadiləsi,Həzm,E
345,345. Tüpürcəyin sutka ərzində ifrazı nə qədərdir?,Həzm sistemi,"1-1,5 litr",1-2 litr,2-3 litr,1-3 litr,2-4 litr,A
346,346. Qidanın kimyəvi dəyişməsi nəyin hesabına baş verir?,Həzm sistemi,İnsulinin,Həzm vəzilərinin,Tüpürcək vəzilərinin,Maltozanın,Fermentlərin,E
347,347. Mədə şirəsinin əsas fermentləri hansılardır?,Həzm sistemi,Lipidlər və zülallar,Proteaza və lipaza,Karbohidratlar,Pankreozim,Laktat,B
348,348. Tüpürcək ifrazı mərkəzi baş beynin hansı şöbəsində yerləşir?,Həzm sistemi,Beyincik,Ara beyin,Uzunsov beyin,Arxa beyin,Orta beyin,C
349,349. Həzm fermentləri hansılardır?,Həzm sistemi,"Zülal, karbohidrat və lipidlər",Zülal və karbohidratlar,Maltoza və lipazalar,"Proteaza, lipaza, karbohidrazalar",İnsulin və glukaqon,C
350,350. Mədə sekresiyası prosesi hansı fazalara bölünür?,Həzm sistemi,"Şərti, şərtsiz","Mürəkkəb reflektor, neyrokimyəvi, bağırsaq","Mədə, bağırsaq, qida borusu","Ağız, udlaq, qida borusu","Kimyəvi, humoral",B
351,351. İnsanda sutka ərzində nə qədər mədəaltı vəzi şirəsi ifraz olunur?,Həzm sistemi,"1,5-2 litr","1,5-3 litr","2-2,5 litr","2,5-3 litr",3-4 litr,A
352,352. Qida qəbulundan neçə müddət sonra mədəaltı vəzin sekresiyası başlayır?,Həzm sistemi,10-15 dəqiqə,5-6 dəqiqə,1-2 saat,30-35 dəqiqə,2-3 dəqiqə,E
353,353. Öd hansı maddənin təsiri nəticəsində tünd rəngdə olur?,Həzm sistemi,Amilaza,Nukleaza,Lipaza,Bilirubin,Tripsin,D
354,354. Bağırsaqda sutka ərzində neçə qram yağ sorulur?,Həzm sistemi,100-150 qr,150-200 qr,150-160 qr,100-200 qr,200-250 qr,C
355,355. Membran həzmi harada yaranır?,Həzm sistemi,Mədənin divarında,Membranlarda,Sitoplazmada,Mikroxovlarda,Neyronda,D
356,356. Yağlar hansı formada sorulur?,Həzm sistemi,Sorulmur,Yalnız qliserin şəklində,Yağ turşuları və qliserin şəklində,Yalnız yağ turşuları şəklində,Aminturşular şəklində,B
357,357. Orqanizmlə xarici mühit arasında baş verən qazlar mübadiləsini nə adlandırmaq olar?,Tənəffüs sistemi,Damar sistemi,Həzm sistemi,İfrazat sistemi,Maddələr mübadiləsi,Tənəffüs sistemi,E
358,358. Ağ ciyərin funksional vahidi nədir?,Tənəffüs sistemi,Bronxiollar,Bronxlar,Alveollar,Ağ ciyər payı,Ağız boşluğu,D
359,359. Quru havada azotun miqdarı nə qədərdir?,Tənəffüs sistemi,80%,78%,50%,24%,60%,B
360,360. Quru havada oksigenin miqdarı nə qədərdir?,Tənəffüs sistemi,"20,95%","21,56%",27%,"22,57%",40%,A
361,361. Nəfəs verdikdən sonra alveollarda qalan hava nə adlanır?,Tənəffüs sistemi,Alveolyar hava,Tənəffüs hava,Ehtiyat hava,Ağ ciyərdə hava qalmır,Ümumi hava,A
362,362. Oksihemoqlobin necə əmələ gəlir?,Tənəffüs sistemi,Oksigenlə azotun birləşməsi nəticəsində,Oksigenlə hemoqlobinin birləşməsi nəticəsində,Oksigenlə karbon qazının birləşməsi nəticəsində,Oksigenlə arqonun birləşməsi nəticəsində,Karbon qazının dəm qazı ilə birləşməsi nəticəsində,B
363,363. Qanın oksigen həcmi dedikdə nə başa düşülür?,Tənəffüs sistemi,300 ml qanda həll olan oksigenin maksimal miqdarı,200 ml qanda həll olan oksigenin maksimal miqdarı,100 ml qanda həll olan oksigenin maksimal miqdarı,400 ml qanda həll olan oksigenin maksimal miqdarı,1 l qanda həll olan oksigenin maksimal miqdarı,D
364,364. İnsanda ifrazat funksiyasını aşağıdakılardan hansıları yerinə yetirir?,İfrazat sistemi,Mədə,Vəzilər,Ağ ciyər və qaraciyər,Qaraciyər və tər vəziləri,"Böyrəklər, tər vəziləri",E
365,365. Son sidik hansı proseslərin nəticəsidir?,İfrazat sistemi,"Süzülmə, sekresiya, sorulma","Süzülmə, geriyə süzülmə, sekresiya","Sorulma, tərin ifrazı, böyrək axacaqlarında sorulma","Böyrək ləyənlərində süzülmə, piramidlərdə sorulma",Həzm prosesləri,B
366,366. Geriyə süzülmə prosesi nə adlanır?,İfrazat sistemi,Filtrasiya,Regerenasiya,Reabsorbsiyа,Hiperhidratasiya,Hidratasiya,C
367,367. Süzülmə prosesi nə adlanır?,İfrazat sistemi,Reabsorbsiyа,Filtrasiya,Regerenasiya,Hiperhidratasiya,Dekompensasiya,B
368,368. Sutka ərzində orta hesabla ifraz olunan tərin miqdarı nə qədərdir?,İfrazat sistemi,100-200 ml,200-300 ml,500-600 ml,600-700 ml,800-1000 ml,C
369,369. Fiziki iş zamanı böyrəklərdə qan təchizatının dəqiqəlik miqdarı necə dəyişir?,İfrazat sistemi,2-3 dəfə artır,4-5 dəfə artır,Dəyişmir,4-5 dəfə azalır,2-3 dəfə çoxalır,D
370,370. Sutka ərzində əmələ gələn ilk sidiyin miqdarı nə qədərdir?,İfrazat sistemi,50-80 l,180-200 l,130-150 l,100-120 l,150-180 l,E
371,371. Neyronun ən uzun çıxıntısı hansıdır?,Sinir-əzələ sistemi,Dentrit,Akson,Motoneyron,Ara neyron,Vətər,B
372,372. Ürək əzələsi ilə eninəzolaqlı əzələ nə ilə fərqlənir?,Sinir-əzələ sistemi,Fərqlənmir,"Eninə zolaqlı əzələ qeyri iradidir, ürək əzələsi iradidir","Eninə zolaqlı əzələ daxili üzvlərin divarında olur, ürək əzələsi ürəkdə","Eninə zolaqlı əzələ iradidir, ürək əzələsi qeyri iradidir","Eninə zolaqlı əzələ daxili üzvlərin divarında olur, ürək əzələsi iradidir",D
373,373. Sinir-əzələ aparatının əsas morfo-funksional elementi nədir?,Sinir-əzələ sistemi,Akson,Nefron,Neyron,Sinir-əzələ sinapsı,Hərəki vahid,E
374,374. Tək əzələ təqəllüsü nədir?,Sinir-əzələ sistemi,"Əzələ lifinin, yaxud tam əzələnin birdəfəlik qıcığa qarşı mexaniki cavabı",Xarici yükün təsirindən əzələnin inkişaf etdiyi gərginliyi azaldan təqəllüs,İnsan orqanizminin təbii şəraitdə qıcolması,Motoneyronların impulsasiyasının sıxlığı,Əzələnin yorulması,A
375,375. Tək əzələ təqəllüsü neçə fazaya ayrılır?,Sinir-əzələ sistemi,2,3,4,5,6,A
376,376. Qısalmanın dərəcəsinə görə əzələ təqəllüsünün hansı tipləri vardır?,Sinir-əzələ sistemi,"Tonik, yorulma","İzotonik, auksotonik, gərginləşmə","Gərginliyin inkişafı, gərginliyin boşalması","Gərginliyin inkişafı, izometrik, izotonik","İzotonik, izometrik, auksotonik",E
377,377. Əzələ təqəllüsü üçün enerji mənbəyi nədir?,Sinir-əzələ sistemi,ADF,ATF,AMF,Müxtəlif fermentlər,Su,B
378,378. Morfofunksional xüsusiyyətinə görə hərəki vahidin tipləri hansıdır?,Sinir-əzələ sistemi,"1. Ləng, yorulmaya davamlı; 2. Sürətli, yorulmayanı","1. Ləng, tez yorulan; 2. Sürətli, yorulmayan; 3. Sürətli, tez yorulan","1. Ləng, yorulmayan; 2. Sürətli, yorulmaya davamlı; 3. Sürətli, tez yorulan","1. Ləng, tez yorulan; 2. Sürətli, yorulmaya davamlı; 3. Sürətli, yorulmayan","1. Ləng, güvvətsiz; 2. Ləng, yorulmayan; 3. Ləng, yorulan",C
379,379. Saya əzələlər harada yerləşir?,Sinir-əzələ sistemi,Ürək əzələsidir,Skeletin üzərində,Daxili üzvlərin və qan damarlarının divarında,"Həm skelet, həm də daxili üzvlərin divarlarında",Beyində,C
380,380. Maddələr mübadiləsi prosesi 2 qrupa bölünür:,Maddələr mübadiləsi,"Şərti, şərtsiz","Assimilyasiya, dissimilyasiya","Anabolizm, assimilyasiya","Zülal, karbohidrat mexanizmləri","Katabolizm, dissimilyasiya",B
381,381. Orqanizmin mayelərinin osmotik təzyiqini təmin edən birləşmələr hansılardır?,Maddələr mübadiləsi,Üzvi birləşmələr,Qeyri üzvi birləşmələr,Mineral birləşmələr,Su,Karbohidratlar,C
382,382. Orqanizmdə suyun miqdarı nə qədərdir?,Maddələr mübadiləsi,Bədənin ümumi kütləsinin dördə ikisi qədər,Bədənin ümumi kütləsinin ikidə biri qədər,Bədənin ümumi kütləsinin üçdə biri qədər,Bədənin ümumi kütləsinin üçdə ikisi qədər,Bədənin ümumi kütləsinin dördə üçü qədər,D
383,383. Mineral maddələr orqanizmdən necə xaric olunur?,Maddələr mübadiləsi,Tənəffüs nəticəsində,Mineral maddələr qana və limfaya sorulur,Tənəffüs aktı hesabına xaric olunur,Yalnız sidik vasitəsi ilə xaric olunur,"Sidiyin, tərin və nəcisin tərkibində",E
384,384. Uzun müddətli gərgin əzələ işi zamanı orqanizmdə nə qədər su itkisi baş verir?,Maddələr mübadiləsi,3-6 l,6-8 l,3-4 l,5-6 l,8-10 l,A
385,385. Orqanizmin enerji sərfini təyin etmək üçün hansı üsullardan istifadə etmək olar?,Maddələr mübadiləsi,Yalnız istilik istehsalının ölçülməsi,1. Orqanizmin enerji ehtiyatlarının artması; 2. Oksigen tələbatının artması; 3. İstilik istehsalının ölçülməsi,Yalnız oksigen tələbatının miqdarının təyini,1. Orqanizmin enerji ehtiyatlarının azalması; 2. Oksigen tələbatının təyini; 3. İstilik istehsalının ölçülməsi,Yalnız yağların istehsalının ölçülməsi,D
386,386. “Vasitəli” kalorimetriya nədir?,Maddələr mübadiləsi,Qanda oksigenin miqdarının ölçülməsi üsulu,Enerji sərfini istilik istehsalının ölçülməsi ilə təyin etmə üsulu,Qanda karbon qazının ölçülməsi üsulu,Enerji sərfini oksigen tələbatının əsasında təyin etmək üsulu,Tənəffüs əmsalının ölçülməsi,B
387,387. “Vasitəsiz” kalorimetriya nədir?,Maddələr mübadiləsi,Tənəffüs əmsalının ölçülməsi,Qanda oksigenin miqdarının ölçülməsi üsulu,Qanda karbon qazının ölçülməsi üsulu,Enerji sərfini istilik istehsalının ölçülməsi ilə təyin etmə üsulu,Enerji sərfini oksigen tələbatının əsasında təyin etmək üsulu,E
388,388. Sinir mərkəzlərində ləngimə prosesi kim tərəfindən kəşf olunmuşdur?,Mərkəzi sinir sistemi,V. Harvey,İ.P. Pavlov,İ.M. Seçenov,A.A. Uxtomski,T.D. Qayibov,C
389,389. Əmələ gəlmə yerinə görə neçə cür ləngimə olur?,Mərkəzi sinir sistemi,5,3,4,2,6,D
390,390. Onurğa beynin boz maddəsində nə qədər sinir hüceyrəsi vardır?,Mərkəzi sinir sistemi,"11,5 mln","13,5 mln","10,8 mln","15,3 mln",20 mln,B
391,391. Orta beynə nə daxildir?,Mərkəzi sinir sistemi,Varol körpüsü,"Talamus, hipotalamus","4 təpəli cism, qara və qırmızı nüvələr","Beyincik, bazal nüvələr","Qabıq, mərkəz",C
392,392. Ara beynin hansı hissələri vardır?,Mərkəzi sinir sistemi,"Beyincik, bazal nüvələr","4 təpəli cism, qara və qırmızı nüvələr",Varol körpüsü,"Görmə qabarı, qabaraltı sahə",Uzunsov beyin,C
393,393. Beyincik nədən ibarətdir?,Mərkəzi sinir sistemi,Boz maddədən,Yalnız cüt yarımkürələrdən,Soxulcan və bir ədəd yarımkürədən,Yalnız soxulcandan,Soxulcandan və bir cüt yarımkürədən,E
394,394. Beyinciyin əsas vəzifəsi nədir?,Mərkəzi sinir sistemi,Yalnız hərəkət fəaliyyətini təmin edir,Hiss orqanlarının işini təmin edir,Bəzi orqanlarımızın mərkəzlərini tənzimləyir,Hərəkət fəaliyyətini və tonik reaksiyaları təmin edir,Analizatorları idarə edir,D
395,395. Qabıq hüceyrələrinin əsas növləri hansı neyronlardır?,Mərkəzi sinir sistemi,"Akson, dentrit","Ulduzvari, piramid","Akson, piramid","Dentrit, ulduzvari",Aksonlar,B
396,396. Beyinə gələn məlumatın emalı hansı yarımkürələrin fəaliyyətinin nəticəsidir?,Mərkəzi sinir sistemi,Sağ yarımkürələrin,Sol yarımkürələrin,Hər iki yarımkürələrin,Heç biri,Beyinciyin,C
397,397. Analizatorlar hansı şöbələrdən ibarətdir?,Analizatorlar,"Qəbuledici, nəqledici hissə, baş-beyin qabığında mərkəzi şöbə","Qəbuledici, nəqledici hissə, baş-beyin yarımkürələri","Qəbuledici, baş-beyin qabığında mərkəzi şöbə, hissi orqan","Qəbuledici, nəqledici hissə, orqanlar","Reflektor, hiss, uzunsov beyin",A
398,398. İki nöqtə arasında olan ən kiçik məsafəni görmə qabiliyyəti nə adlanır?,Analizatorlar,Görmə tezliyi,Görmə bucağı,Görmə itiliyi,Görmə sürəti,Görmə sahəsi,C
399,399. Orqanizmdə qazlar mübadiləsi nəyin hesabına baş verir?,Tənəffüs sistemi,Dərin nəfəs alma hesabına,Oksigenin qana sorulması hesabına,Karbon qazının xaric olması hesabına,Tənəffüs hərəkətlərinin hesabına,Tər vəzilərin hesabına,D
400,400. Orqanizmin enerji sərfini təyin etmək üçün neçə üsuldan istifadə etmək olar?,Maddələr mübadiləsi,5,3,1,4,0,B
